"Weekly Data low,high,etc",Price Info
2021-10-05.1a. open (USD),48200.01000000
2021-10-05.1b. open (USD),48200.01000000
2021-10-05.2a. high (USD),49536.12000000
2021-10-05.2b. high (USD),49536.12000000
2021-10-05.3a. low (USD),46891.00000000
2021-10-05.3b. low (USD),46891.00000000
2021-10-05.4a. close (USD),49196.48000000
2021-10-05.4b. close (USD),49196.48000000
2021-10-05.5. volume,48042.58451000
2021-10-05.6. market cap (USD),48042.58451000
2021-10-03.1a. open (USD),43160.90000000
2021-10-03.1b. open (USD),43160.90000000
2021-10-03.2a. high (USD),49228.08000000
2021-10-03.2b. high (USD),49228.08000000
2021-10-03.3a. low (USD),40753.88000000
2021-10-03.3b. low (USD),40753.88000000
2021-10-03.4a. close (USD),48200.01000000
2021-10-03.4b. close (USD),48200.01000000
2021-10-03.5. volume,290620.78115000
2021-10-03.6. market cap (USD),290620.78115000
2021-09-26.1a. open (USD),47241.75000000
2021-09-26.1b. open (USD),47241.75000000
2021-09-26.2a. high (USD),47347.25000000
2021-09-26.2b. high (USD),47347.25000000
2021-09-26.3a. low (USD),39600.00000000
2021-09-26.3b. low (USD),39600.00000000
2021-09-26.4a. close (USD),43160.90000000
2021-09-26.4b. close (USD),43160.90000000
2021-09-26.5. volume,437174.23273000
2021-09-26.6. market cap (USD),437174.23273000
2021-09-19.1a. open (USD),46025.23000000
2021-09-19.1b. open (USD),46025.23000000
2021-09-19.2a. high (USD),48843.20000000
2021-09-19.2b. high (USD),48843.20000000
2021-09-19.3a. low (USD),43370.00000000
2021-09-19.3b. low (USD),43370.00000000
2021-09-19.4a. close (USD),47241.75000000
2021-09-19.4b. close (USD),47241.75000000
2021-09-19.5. volume,289430.44387000
2021-09-19.6. market cap (USD),289430.44387000
2021-09-12.1a. open (USD),51756.88000000
2021-09-12.1b. open (USD),51756.88000000
2021-09-12.2a. high (USD),52920.00000000
2021-09-12.2b. high (USD),52920.00000000
2021-09-12.3a. low (USD),42843.05000000
2021-09-12.3b. low (USD),42843.05000000
2021-09-12.4a. close (USD),46025.24000000
2021-09-12.4b. close (USD),46025.24000000
2021-09-12.5. volume,399602.39982000
2021-09-12.6. market cap (USD),399602.39982000
2021-09-05.1a. open (USD),48767.84000000
2021-09-05.1b. open (USD),48767.84000000
2021-09-05.2a. high (USD),51900.00000000
2021-09-05.2b. high (USD),51900.00000000
2021-09-05.3a. low (USD),46512.00000000
2021-09-05.3b. low (USD),46512.00000000
2021-09-05.4a. close (USD),51756.88000000
2021-09-05.4b. close (USD),51756.88000000
2021-09-05.5. volume,327484.44363800
2021-09-05.6. market cap (USD),327484.44363800
2021-08-29.1a. open (USD),49239.22000000
2021-08-29.1b. open (USD),49239.22000000
2021-08-29.2a. high (USD),50500.00000000
2021-08-29.2b. high (USD),50500.00000000
2021-08-29.3a. low (USD),46250.00000000
2021-08-29.3b. low (USD),46250.00000000
2021-08-29.4a. close (USD),48767.83000000
2021-08-29.4b. close (USD),48767.83000000
2021-08-29.5. volume,298905.69704200
2021-08-29.6. market cap (USD),298905.69704200
2021-08-22.1a. open (USD),46973.82000000
2021-08-22.1b. open (USD),46973.82000000
2021-08-22.2a. high (USD),49757.04000000
2021-08-22.2b. high (USD),49757.04000000
2021-08-22.3a. low (USD),43927.70000000
2021-08-22.3b. low (USD),43927.70000000
2021-08-22.4a. close (USD),49239.22000000
2021-08-22.4b. close (USD),49239.22000000
2021-08-22.5. volume,357634.46215500
2021-08-22.6. market cap (USD),357634.46215500
2021-08-15.1a. open (USD),43794.36000000
2021-08-15.1b. open (USD),43794.36000000
2021-08-15.2a. high (USD),48144.00000000
2021-08-15.2b. high (USD),48144.00000000
2021-08-15.3a. low (USD),42779.00000000
2021-08-15.3b. low (USD),42779.00000000
2021-08-15.4a. close (USD),46973.82000000
2021-08-15.4b. close (USD),46973.82000000
2021-08-15.5. volume,372867.97981100
2021-08-15.6. market cap (USD),372867.97981100
2021-08-08.1a. open (USD),39850.27000000
2021-08-08.1b. open (USD),39850.27000000
2021-08-08.2a. high (USD),45310.00000000
2021-08-08.2b. high (USD),45310.00000000
2021-08-08.3a. low (USD),37332.70000000
2021-08-08.3b. low (USD),37332.70000000
2021-08-08.4a. close (USD),43794.37000000
2021-08-08.4b. close (USD),43794.37000000
2021-08-08.5. volume,463107.67071100
2021-08-08.6. market cap (USD),463107.67071100
2021-08-01.1a. open (USD),35381.02000000
2021-08-01.1b. open (USD),35381.02000000
2021-08-01.2a. high (USD),42599.00000000
2021-08-01.2b. high (USD),42599.00000000
2021-08-01.3a. low (USD),35205.78000000
2021-08-01.3b. low (USD),35205.78000000
2021-08-01.4a. close (USD),39845.44000000
2021-08-01.4b. close (USD),39845.44000000
2021-08-01.5. volume,568598.50960600
2021-08-01.6. market cap (USD),568598.50960600
2021-07-25.1a. open (USD),31778.57000000
2021-07-25.1b. open (USD),31778.57000000
2021-07-25.2a. high (USD),35398.00000000
2021-07-25.2b. high (USD),35398.00000000
2021-07-25.3a. low (USD),29278.00000000
2021-07-25.3b. low (USD),29278.00000000
2021-07-25.4a. close (USD),35381.02000000
2021-07-25.4b. close (USD),35381.02000000
2021-07-25.5. volume,383262.21715400
2021-07-25.6. market cap (USD),383262.21715400
2021-07-18.1a. open (USD),34259.00000000
2021-07-18.1b. open (USD),34259.00000000
2021-07-18.2a. high (USD),34678.43000000
2021-07-18.2b. high (USD),34678.43000000
2021-07-18.3a. low (USD),31020.00000000
2021-07-18.3b. low (USD),31020.00000000
2021-07-18.4a. close (USD),31778.56000000
2021-07-18.4b. close (USD),31778.56000000
2021-07-18.5. volume,306160.98707900
2021-07-18.6. market cap (USD),306160.98707900
2021-07-11.1a. open (USD),35288.13000000
2021-07-11.1b. open (USD),35288.13000000
2021-07-11.2a. high (USD),35293.78000000
2021-07-11.2b. high (USD),35293.78000000
2021-07-11.3a. low (USD),32077.00000000
2021-07-11.3b. low (USD),32077.00000000
2021-07-11.4a. close (USD),34258.99000000
2021-07-11.4b. close (USD),34258.99000000
2021-07-11.5. volume,359766.23540400
2021-07-11.6. market cap (USD),359766.23540400
2021-07-04.1a. open (USD),34702.49000000
2021-07-04.1b. open (USD),34702.49000000
2021-07-04.2a. high (USD),36600.00000000
2021-07-04.2b. high (USD),36600.00000000
2021-07-04.3a. low (USD),32699.00000000
2021-07-04.3b. low (USD),32699.00000000
2021-07-04.4a. close (USD),35286.51000000
2021-07-04.4b. close (USD),35286.51000000
2021-07-04.5. volume,464791.76359300
2021-07-04.6. market cap (USD),464791.76359300
2021-06-27.1a. open (USD),35600.17000000
2021-06-27.1b. open (USD),35600.17000000
2021-06-27.2a. high (USD),35750.00000000
2021-06-27.2b. high (USD),35750.00000000
2021-06-27.3a. low (USD),28805.00000000
2021-06-27.3b. low (USD),28805.00000000
2021-06-27.4a. close (USD),34700.34000000
2021-06-27.4b. close (USD),34700.34000000
2021-06-27.5. volume,907073.70759800
2021-06-27.6. market cap (USD),907073.70759800
2021-06-20.1a. open (USD),39020.56000000
2021-06-20.1b. open (USD),39020.56000000
2021-06-20.2a. high (USD),41330.00000000
2021-06-20.2b. high (USD),41330.00000000
2021-06-20.3a. low (USD),33336.00000000
2021-06-20.3b. low (USD),33336.00000000
2021-06-20.4a. close (USD),35600.16000000
2021-06-20.4b. close (USD),35600.16000000
2021-06-20.5. volume,610333.96208900
2021-06-20.6. market cap (USD),610333.96208900
2021-06-13.1a. open (USD),35796.31000000
2021-06-13.1b. open (USD),35796.31000000
2021-06-13.2a. high (USD),39380.00000000
2021-06-13.2b. high (USD),39380.00000000
2021-06-13.3a. low (USD),31000.00000000
2021-06-13.3b. low (USD),31000.00000000
2021-06-13.4a. close (USD),39020.57000000
2021-06-13.4b. close (USD),39020.57000000
2021-06-13.5. volume,700065.60491500
2021-06-13.6. market cap (USD),700065.60491500
2021-06-06.1a. open (USD),35641.26000000
2021-06-06.1b. open (USD),35641.26000000
2021-06-06.2a. high (USD),39476.00000000
2021-06-06.2b. high (USD),39476.00000000
2021-06-06.3a. low (USD),34153.84000000
2021-06-06.3b. low (USD),34153.84000000
2021-06-06.4a. close (USD),35796.31000000
2021-06-06.4b. close (USD),35796.31000000
2021-06-06.5. volume,528299.50493700
2021-06-06.6. market cap (USD),528299.50493700
2021-05-30.1a. open (USD),34681.44000000
2021-05-30.1b. open (USD),34681.44000000
2021-05-30.2a. high (USD),40841.00000000
2021-05-30.2b. high (USD),40841.00000000
2021-05-30.3a. low (USD),33379.00000000
2021-05-30.3b. low (USD),33379.00000000
2021-05-30.4a. close (USD),35641.27000000
2021-05-30.4b. close (USD),35641.27000000
2021-05-30.5. volume,786531.16394100
2021-05-30.6. market cap (USD),786531.16394100
2021-05-23.1a. open (USD),46426.83000000
2021-05-23.1b. open (USD),46426.83000000
2021-05-23.2a. high (USD),46686.00000000
2021-05-23.2b. high (USD),46686.00000000
2021-05-23.3a. low (USD),30000.00000000
2021-05-23.3b. low (USD),30000.00000000
2021-05-23.4a. close (USD),34655.25000000
2021-05-23.4b. close (USD),34655.25000000
2021-05-23.5. volume,1386781.05214000
2021-05-23.6. market cap (USD),1386781.05214000
2021-05-16.1a. open (USD),58240.83000000
2021-05-16.1b. open (USD),58240.83000000
2021-05-16.2a. high (USD),59500.00000000
2021-05-16.2b. high (USD),59500.00000000
2021-05-16.3a. low (USD),43825.39000000
2021-05-16.3b. low (USD),43825.39000000
2021-05-16.4a. close (USD),46431.50000000
2021-05-16.4b. close (USD),46431.50000000
2021-05-16.5. volume,684880.14819700
2021-05-16.6. market cap (USD),684880.14819700
2021-05-09.1a. open (USD),56578.21000000
2021-05-09.1b. open (USD),56578.21000000
2021-05-09.2a. high (USD),59500.00000000
2021-05-09.2b. high (USD),59500.00000000
2021-05-09.3a. low (USD),52900.00000000
2021-05-09.3b. low (USD),52900.00000000
2021-05-09.4a. close (USD),58240.84000000
2021-05-09.4b. close (USD),58240.84000000
2021-05-09.5. volume,504478.92630300
2021-05-09.6. market cap (USD),504478.92630300
2021-05-02.1a. open (USD),49066.76000000
2021-05-02.1b. open (USD),49066.76000000
2021-05-02.2a. high (USD),58458.07000000
2021-05-02.2b. high (USD),58458.07000000
2021-05-02.3a. low (USD),48753.44000000
2021-05-02.3b. low (USD),48753.44000000
2021-05-02.4a. close (USD),56578.21000000
2021-05-02.4b. close (USD),56578.21000000
2021-05-02.5. volume,395983.45601300
2021-05-02.6. market cap (USD),395983.45601300
2021-04-25.1a. open (USD),56150.01000000
2021-04-25.1b. open (USD),56150.01000000
2021-04-25.2a. high (USD),57526.81000000
2021-04-25.2b. high (USD),57526.81000000
2021-04-25.3a. low (USD),46930.00000000
2021-04-25.3b. low (USD),46930.00000000
2021-04-25.4a. close (USD),49066.77000000
2021-04-25.4b. close (USD),49066.77000000
2021-04-25.5. volume,568462.85096000
2021-04-25.6. market cap (USD),568462.85096000
2021-04-18.1a. open (USD),59998.80000000
2021-04-18.1b. open (USD),59998.80000000
2021-04-18.2a. high (USD),64854.00000000
2021-04-18.2b. high (USD),64854.00000000
2021-04-18.3a. low (USD),50931.30000000
2021-04-18.3b. low (USD),50931.30000000
2021-04-18.4a. close (USD),56150.01000000
2021-04-18.4b. close (USD),56150.01000000
2021-04-18.5. volume,549048.29803200
2021-04-18.6. market cap (USD),549048.29803200
2021-04-11.1a. open (USD),58202.01000000
2021-04-11.1b. open (USD),58202.01000000
2021-04-11.2a. high (USD),61500.00000000
2021-04-11.2b. high (USD),61500.00000000
2021-04-11.3a. low (USD),55473.00000000
2021-04-11.3b. low (USD),55473.00000000
2021-04-11.4a. close (USD),60002.43000000
2021-04-11.4b. close (USD),60002.43000000
2021-04-11.5. volume,375865.59361400
2021-04-11.6. market cap (USD),375865.59361400
2021-04-04.1a. open (USD),55777.65000000
2021-04-04.1b. open (USD),55777.65000000
2021-04-04.2a. high (USD),60200.00000000
2021-04-04.2b. high (USD),60200.00000000
2021-04-04.3a. low (USD),54800.01000000
2021-04-04.3b. low (USD),54800.01000000
2021-04-04.4a. close (USD),58202.01000000
2021-04-04.4b. close (USD),58202.01000000
2021-04-04.5. volume,367477.89327300
2021-04-04.6. market cap (USD),367477.89327300
2021-03-28.1a. open (USD),57351.56000000
2021-03-28.1b. open (USD),57351.56000000
2021-03-28.2a. high (USD),58430.73000000
2021-03-28.2b. high (USD),58430.73000000
2021-03-28.3a. low (USD),50427.56000000
2021-03-28.3b. low (USD),50427.56000000
2021-03-28.4a. close (USD),55777.63000000
2021-03-28.4b. close (USD),55777.63000000
2021-03-28.5. volume,446278.62841300
2021-03-28.6. market cap (USD),446278.62841300
2021-03-21.1a. open (USD),58976.08000000
2021-03-21.1b. open (USD),58976.08000000
2021-03-21.2a. high (USD),60633.43000000
2021-03-21.2b. high (USD),60633.43000000
2021-03-21.3a. low (USD),53271.34000000
2021-03-21.3b. low (USD),53271.34000000
2021-03-21.4a. close (USD),57351.56000000
2021-03-21.4b. close (USD),57351.56000000
2021-03-21.5. volume,463194.21418000
2021-03-21.6. market cap (USD),463194.21418000
2021-03-14.1a. open (USD),50959.11000000
2021-03-14.1b. open (USD),50959.11000000
2021-03-14.2a. high (USD),61844.00000000
2021-03-14.2b. high (USD),61844.00000000
2021-03-14.3a. low (USD),49274.67000000
2021-03-14.3b. low (USD),49274.67000000
2021-03-14.4a. close (USD),58968.31000000
2021-03-14.4b. close (USD),58968.31000000
2021-03-14.5. volume,514559.69868500
2021-03-14.6. market cap (USD),514559.69868500
2021-03-07.1a. open (USD),45134.11000000
2021-03-07.1b. open (USD),45134.11000000
2021-03-07.2a. high (USD),52640.00000000
2021-03-07.2b. high (USD),52640.00000000
2021-03-07.3a. low (USD),44950.53000000
2021-03-07.3b. low (USD),44950.53000000
2021-03-07.4a. close (USD),50971.75000000
2021-03-07.4b. close (USD),50971.75000000
2021-03-07.5. volume,490819.56296800
2021-03-07.6. market cap (USD),490819.56296800
2021-02-28.1a. open (USD),57412.35000000
2021-02-28.1b. open (USD),57412.35000000
2021-02-28.2a. high (USD),57508.47000000
2021-02-28.2b. high (USD),57508.47000000
2021-02-28.3a. low (USD),43000.00000000
2021-02-28.3b. low (USD),43000.00000000
2021-02-28.4a. close (USD),45135.66000000
2021-02-28.4b. close (USD),45135.66000000
2021-02-28.5. volume,737125.74636500
2021-02-28.6. market cap (USD),737125.74636500
2021-02-21.1a. open (USD),48580.47000000
2021-02-21.1b. open (USD),48580.47000000
2021-02-21.2a. high (USD),58352.80000000
2021-02-21.2b. high (USD),58352.80000000
2021-02-21.3a. low (USD),45570.79000000
2021-02-21.3b. low (USD),45570.79000000
2021-02-21.4a. close (USD),57408.57000000
2021-02-21.4b. close (USD),57408.57000000
2021-02-21.5. volume,533487.79969900
2021-02-21.6. market cap (USD),533487.79969900
2021-02-14.1a. open (USD),38795.69000000
2021-02-14.1b. open (USD),38795.69000000
2021-02-14.2a. high (USD),49707.43000000
2021-02-14.2b. high (USD),49707.43000000
2021-02-14.3a. low (USD),37988.89000000
2021-02-14.3b. low (USD),37988.89000000
2021-02-14.4a. close (USD),48577.79000000
2021-02-14.4b. close (USD),48577.79000000
2021-02-14.5. volume,664186.27090900
2021-02-14.6. market cap (USD),664186.27090900
2021-02-07.1a. open (USD),33092.97000000
2021-02-07.1b. open (USD),33092.97000000
2021-02-07.2a. high (USD),40955.51000000
2021-02-07.2b. high (USD),40955.51000000
2021-02-07.3a. low (USD),32296.16000000
2021-02-07.3b. low (USD),32296.16000000
2021-02-07.4a. close (USD),38795.69000000
2021-02-07.4b. close (USD),38795.69000000
2021-02-07.5. volume,583442.33154400
2021-02-07.6. market cap (USD),583442.33154400
2021-01-31.1a. open (USD),32259.45000000
2021-01-31.1b. open (USD),32259.45000000
2021-01-31.2a. high (USD),38531.90000000
2021-01-31.2b. high (USD),38531.90000000
2021-01-31.3a. low (USD),29241.72000000
2021-01-31.3b. low (USD),29241.72000000
2021-01-31.4a. close (USD),33092.98000000
2021-01-31.4b. close (USD),33092.98000000
2021-01-31.5. volume,747463.50850900
2021-01-31.6. market cap (USD),747463.50850900
2021-01-24.1a. open (USD),35824.99000000
2021-01-24.1b. open (USD),35824.99000000
2021-01-24.2a. high (USD),37850.00000000
2021-01-24.2b. high (USD),37850.00000000
2021-01-24.3a. low (USD),28850.00000000
2021-01-24.3b. low (USD),28850.00000000
2021-01-24.4a. close (USD),32259.90000000
2021-01-24.4b. close (USD),32259.90000000
2021-01-24.5. volume,637026.04205300
2021-01-24.6. market cap (USD),637026.04205300
2021-01-17.1a. open (USD),38150.02000000
2021-01-17.1b. open (USD),38150.02000000
2021-01-17.2a. high (USD),40100.00000000
2021-01-17.2b. high (USD),40100.00000000
2021-01-17.3a. low (USD),30420.00000000
2021-01-17.3b. low (USD),30420.00000000
2021-01-17.4a. close (USD),35828.61000000
2021-01-17.4b. close (USD),35828.61000000
2021-01-17.5. volume,895315.07610600
2021-01-17.6. market cap (USD),895315.07610600
2021-01-10.1a. open (USD),33000.05000000
2021-01-10.1b. open (USD),33000.05000000
2021-01-10.2a. high (USD),41950.00000000
2021-01-10.2b. high (USD),41950.00000000
2021-01-10.3a. low (USD),28130.00000000
2021-01-10.3b. low (USD),28130.00000000
2021-01-10.4a. close (USD),38150.02000000
2021-01-10.4b. close (USD),38150.02000000
2021-01-10.5. volume,850700.26615200
2021-01-10.6. market cap (USD),850700.26615200
2021-01-03.1a. open (USD),26281.54000000
2021-01-03.1b. open (USD),26281.54000000
2021-01-03.2a. high (USD),34778.11000000
2021-01-03.2b. high (USD),34778.11000000
2021-01-03.3a. low (USD),25880.00000000
2021-01-03.3b. low (USD),25880.00000000
2021-01-03.4a. close (USD),33000.05000000
2021-01-03.4b. close (USD),33000.05000000
2021-01-03.5. volume,625132.26320300
2021-01-03.6. market cap (USD),625132.26320300
2020-12-27.1a. open (USD),23455.54000000
2020-12-27.1b. open (USD),23455.54000000
2020-12-27.2a. high (USD),28422.00000000
2020-12-27.2b. high (USD),28422.00000000
2020-12-27.3a. low (USD),21815.00000000
2020-12-27.3b. low (USD),21815.00000000
2020-12-27.4a. close (USD),26281.66000000
2020-12-27.4b. close (USD),26281.66000000
2020-12-27.5. volume,688906.56055700
2020-12-27.6. market cap (USD),688906.56055700
2020-12-20.1a. open (USD),19174.99000000
2020-12-20.1b. open (USD),19174.99000000
2020-12-20.2a. high (USD),24295.00000000
2020-12-20.2b. high (USD),24295.00000000
2020-12-20.3a. low (USD),19000.00000000
2020-12-20.3b. low (USD),19000.00000000
2020-12-20.4a. close (USD),23455.52000000
2020-12-20.4b. close (USD),23455.52000000
2020-12-20.5. volume,650661.72430000
2020-12-20.6. market cap (USD),650661.72430000
2020-12-13.1a. open (USD),19358.67000000
2020-12-13.1b. open (USD),19358.67000000
2020-12-13.2a. high (USD),19420.91000000
2020-12-13.2b. high (USD),19420.91000000
2020-12-13.3a. low (USD),17572.33000000
2020-12-13.3b. low (USD),17572.33000000
2020-12-13.4a. close (USD),19174.99000000
2020-12-13.4b. close (USD),19174.99000000
2020-12-13.5. volume,414166.99723700
2020-12-13.6. market cap (USD),414166.99723700
2020-12-06.1a. open (USD),18185.00000000
2020-12-06.1b. open (USD),18185.00000000
2020-12-06.2a. high (USD),19888.00000000
2020-12-06.2b. high (USD),19888.00000000
2020-12-06.3a. low (USD),18001.12000000
2020-12-06.3b. low (USD),18001.12000000
2020-12-06.4a. close (USD),19359.40000000
2020-12-06.4b. close (USD),19359.40000000
2020-12-06.5. volume,537012.14293100
2020-12-06.6. market cap (USD),537012.14293100
2020-11-29.1a. open (USD),18413.88000000
2020-11-29.1b. open (USD),18413.88000000
2020-11-29.2a. high (USD),19484.21000000
2020-11-29.2b. high (USD),19484.21000000
2020-11-29.3a. low (USD),16188.00000000
2020-11-29.3b. low (USD),16188.00000000
2020-11-29.4a. close (USD),18184.99000000
2020-11-29.4b. close (USD),18184.99000000
2020-11-29.5. volume,676351.57997400
2020-11-29.6. market cap (USD),676351.57997400
2020-11-22.1a. open (USD),15957.00000000
2020-11-22.1b. open (USD),15957.00000000
2020-11-22.2a. high (USD),18965.90000000
2020-11-22.2b. high (USD),18965.90000000
2020-11-22.3a. low (USD),15864.00000000
2020-11-22.3b. low (USD),15864.00000000
2020-11-22.4a. close (USD),18414.43000000
2020-11-22.4b. close (USD),18414.43000000
2020-11-22.5. volume,684197.64282900
2020-11-22.6. market cap (USD),684197.64282900
2020-11-15.1a. open (USD),15475.10000000
2020-11-15.1b. open (USD),15475.10000000
2020-11-15.2a. high (USD),16480.00000000
2020-11-15.2b. high (USD),16480.00000000
2020-11-15.3a. low (USD),14805.54000000
2020-11-15.3b. low (USD),14805.54000000
2020-11-15.4a. close (USD),15957.00000000
2020-11-15.4b. close (USD),15957.00000000
2020-11-15.5. volume,529729.42649600
2020-11-15.6. market cap (USD),529729.42649600
2020-11-08.1a. open (USD),13761.49000000
2020-11-08.1b. open (USD),13761.49000000
2020-11-08.2a. high (USD),15960.00000000
2020-11-08.2b. high (USD),15960.00000000
2020-11-08.3a. low (USD),13195.05000000
2020-11-08.3b. low (USD),13195.05000000
2020-11-08.4a. close (USD),15475.10000000
2020-11-08.4b. close (USD),15475.10000000
2020-11-08.5. volume,665037.14645200
2020-11-08.6. market cap (USD),665037.14645200
2020-11-01.1a. open (USD),13029.64000000
2020-11-01.1b. open (USD),13029.64000000
2020-11-01.2a. high (USD),14100.00000000
2020-11-01.2b. high (USD),14100.00000000
2020-11-01.3a. low (USD),12765.00000000
2020-11-01.3b. low (USD),12765.00000000
2020-11-01.4a. close (USD),13761.50000000
2020-11-01.4b. close (USD),13761.50000000
2020-11-01.5. volume,485344.05626200
2020-11-01.6. market cap (USD),485344.05626200
2020-10-25.1a. open (USD),11503.14000000
2020-10-25.1b. open (USD),11503.14000000
2020-10-25.2a. high (USD),13350.00000000
2020-10-25.2b. high (USD),13350.00000000
2020-10-25.3a. low (USD),11407.96000000
2020-10-25.3b. low (USD),11407.96000000
2020-10-25.4a. close (USD),13028.83000000
2020-10-25.4b. close (USD),13028.83000000
2020-10-25.5. volume,418993.35468100
2020-10-25.6. market cap (USD),418993.35468100
2020-10-18.1a. open (USD),11369.02000000
2020-10-18.1b. open (USD),11369.02000000
2020-10-18.2a. high (USD),11720.01000000
2020-10-18.2b. high (USD),11720.01000000
2020-10-18.3a. low (USD),11172.00000000
2020-10-18.3b. low (USD),11172.00000000
2020-10-18.4a. close (USD),11503.14000000
2020-10-18.4b. close (USD),11503.14000000
2020-10-18.5. volume,279657.09704700
2020-10-18.6. market cap (USD),279657.09704700
2020-10-11.1a. open (USD),10666.62000000
2020-10-11.1b. open (USD),10666.62000000
2020-10-11.2a. high (USD),11491.00000000
2020-10-11.2b. high (USD),11491.00000000
2020-10-11.3a. low (USD),10525.00000000
2020-10-11.3b. low (USD),10525.00000000
2020-10-11.4a. close (USD),11369.02000000
2020-10-11.4b. close (USD),11369.02000000
2020-10-11.5. volume,288404.14549400
2020-10-11.6. market cap (USD),288404.14549400
2020-10-04.1a. open (USD),10774.26000000
2020-10-04.1b. open (USD),10774.26000000
2020-10-04.2a. high (USD),10950.00000000
2020-10-04.2b. high (USD),10950.00000000
2020-10-04.3a. low (USD),10374.00000000
2020-10-04.3b. low (USD),10374.00000000
2020-10-04.4a. close (USD),10666.63000000
2020-10-04.4b. close (USD),10666.63000000
2020-10-04.5. volume,288073.12698900
2020-10-04.6. market cap (USD),288073.12698900
2020-09-27.1a. open (USD),10920.28000000
2020-09-27.1b. open (USD),10920.28000000
2020-09-27.2a. high (USD),10988.86000000
2020-09-27.2b. high (USD),10988.86000000
2020-09-27.3a. low (USD),10136.82000000
2020-09-27.3b. low (USD),10136.82000000
2020-09-27.4a. close (USD),10774.25000000
2020-09-27.4b. close (USD),10774.25000000
2020-09-27.5. volume,331299.29108100
2020-09-27.6. market cap (USD),331299.29108100
2020-09-20.1a. open (USD),10332.84000000
2020-09-20.1b. open (USD),10332.84000000
2020-09-20.2a. high (USD),11179.79000000
2020-09-20.2b. high (USD),11179.79000000
2020-09-20.3a. low (USD),10212.34000000
2020-09-20.3b. low (USD),10212.34000000
2020-09-20.4a. close (USD),10920.28000000
2020-09-20.4b. close (USD),10920.28000000
2020-09-20.5. volume,374339.55881400
2020-09-20.6. market cap (USD),374339.55881400
2020-09-13.1a. open (USD),10255.89000000
2020-09-13.1b. open (USD),10255.89000000
2020-09-13.2a. high (USD),10580.11000000
2020-09-13.2b. high (USD),10580.11000000
2020-09-13.3a. low (USD),9850.00000000
2020-09-13.3b. low (USD),9850.00000000
2020-09-13.4a. close (USD),10332.83000000
2020-09-13.4b. close (USD),10332.83000000
2020-09-13.5. volume,366759.99404800
2020-09-13.6. market cap (USD),366759.99404800
2020-09-06.1a. open (USD),11711.17000000
2020-09-06.1b. open (USD),11711.17000000
2020-09-06.2a. high (USD),12050.85000000
2020-09-06.2b. high (USD),12050.85000000
2020-09-06.3a. low (USD),9825.00000000
2020-09-06.3b. low (USD),9825.00000000
2020-09-06.4a. close (USD),10256.20000000
2020-09-06.4b. close (USD),10256.20000000
2020-09-06.5. volume,581777.75652500
2020-09-06.6. market cap (USD),581777.75652500
2020-08-30.1a. open (USD),11648.12000000
2020-08-30.1b. open (USD),11648.12000000
2020-08-30.2a. high (USD),11824.90000000
2020-08-30.2b. high (USD),11824.90000000
2020-08-30.3a. low (USD),11117.64000000
2020-08-30.3b. low (USD),11117.64000000
2020-08-30.4a. close (USD),11711.16000000
2020-08-30.4b. close (USD),11711.16000000
2020-08-30.5. volume,355153.16937200
2020-08-30.6. market cap (USD),355153.16937200
2020-08-23.1a. open (USD),11910.99000000
2020-08-23.1b. open (USD),11910.99000000
2020-08-23.2a. high (USD),12468.00000000
2020-08-23.2b. high (USD),12468.00000000
2020-08-23.3a. low (USD),11376.81000000
2020-08-23.3b. low (USD),11376.81000000
2020-08-23.4a. close (USD),11648.13000000
2020-08-23.4b. close (USD),11648.13000000
2020-08-23.5. volume,426710.48350200
2020-08-23.6. market cap (USD),426710.48350200
2020-08-16.1a. open (USD),11681.69000000
2020-08-16.1b. open (USD),11681.69000000
2020-08-16.2a. high (USD),12067.35000000
2020-08-16.2b. high (USD),12067.35000000
2020-08-16.3a. low (USD),11125.00000000
2020-08-16.3b. low (USD),11125.00000000
2020-08-16.4a. close (USD),11911.00000000
2020-08-16.4b. close (USD),11911.00000000
2020-08-16.5. volume,468167.72232000
2020-08-16.6. market cap (USD),468167.72232000
2020-08-09.1a. open (USD),11071.36000000
2020-08-09.1b. open (USD),11071.36000000
2020-08-09.2a. high (USD),11909.94000000
2020-08-09.2b. high (USD),11909.94000000
2020-08-09.3a. low (USD),10936.00000000
2020-08-09.3b. low (USD),10936.00000000
2020-08-09.4a. close (USD),11681.68000000
2020-08-09.4b. close (USD),11681.68000000
2020-08-09.5. volume,403167.45146000
2020-08-09.6. market cap (USD),403167.45146000
2020-08-02.1a. open (USD),9931.54000000
2020-08-02.1b. open (USD),9931.54000000
2020-08-02.2a. high (USD),12123.46000000
2020-08-02.2b. high (USD),12123.46000000
2020-08-02.3a. low (USD),9917.21000000
2020-08-02.3b. low (USD),9917.21000000
2020-08-02.4a. close (USD),11071.35000000
2020-08-02.4b. close (USD),11071.35000000
2020-08-02.5. volume,637793.81172400
2020-08-02.6. market cap (USD),637793.81172400
2020-07-26.1a. open (USD),9208.99000000
2020-07-26.1b. open (USD),9208.99000000
2020-07-26.2a. high (USD),10111.00000000
2020-07-26.2b. high (USD),10111.00000000
2020-07-26.3a. low (USD),9131.00000000
2020-07-26.3b. low (USD),9131.00000000
2020-07-26.4a. close (USD),9931.54000000
2020-07-26.4b. close (USD),9931.54000000
2020-07-26.5. volume,346433.53511500
2020-07-26.6. market cap (USD),346433.53511500
2020-07-19.1a. open (USD),9303.31000000
2020-07-19.1b. open (USD),9303.31000000
2020-07-19.2a. high (USD),9343.82000000
2020-07-19.2b. high (USD),9343.82000000
2020-07-19.3a. low (USD),9047.25000000
2020-07-19.3b. low (USD),9047.25000000
2020-07-19.4a. close (USD),9208.99000000
2020-07-19.4b. close (USD),9208.99000000
2020-07-19.5. volume,247602.69209500
2020-07-19.6. market cap (USD),247602.69209500
2020-07-12.1a. open (USD),9069.41000000
2020-07-12.1b. open (USD),9069.41000000
2020-07-12.2a. high (USD),9470.00000000
2020-07-12.2b. high (USD),9470.00000000
2020-07-12.3a. low (USD),9055.92000000
2020-07-12.3b. low (USD),9055.92000000
2020-07-12.4a. close (USD),9302.75000000
2020-07-12.4b. close (USD),9302.75000000
2020-07-12.5. volume,284964.99967300
2020-07-12.6. market cap (USD),284964.99967300
2020-07-05.1a. open (USD),9116.16000000
2020-07-05.1b. open (USD),9116.16000000
2020-07-05.2a. high (USD),9292.00000000
2020-07-05.2b. high (USD),9292.00000000
2020-07-05.3a. low (USD),8893.03000000
2020-07-05.3b. low (USD),8893.03000000
2020-07-05.4a. close (USD),9069.41000000
2020-07-05.4b. close (USD),9069.41000000
2020-07-05.5. volume,247256.19512500
2020-07-05.6. market cap (USD),247256.19512500
2020-06-28.1a. open (USD),9294.69000000
2020-06-28.1b. open (USD),9294.69000000
2020-06-28.2a. high (USD),9780.00000000
2020-06-28.2b. high (USD),9780.00000000
2020-06-28.3a. low (USD),8833.00000000
2020-06-28.3b. low (USD),8833.00000000
2020-06-28.4a. close (USD),9116.35000000
2020-06-28.4b. close (USD),9116.35000000
2020-06-28.5. volume,343601.08315400
2020-06-28.6. market cap (USD),343601.08315400
2020-06-21.1a. open (USD),9342.10000000
2020-06-21.1b. open (USD),9342.10000000
2020-06-21.2a. high (USD),9589.00000000
2020-06-21.2b. high (USD),9589.00000000
2020-06-21.3a. low (USD),8910.45000000
2020-06-21.3b. low (USD),8910.45000000
2020-06-21.4a. close (USD),9294.69000000
2020-06-21.4b. close (USD),9294.69000000
2020-06-21.5. volume,323565.71184200
2020-06-21.6. market cap (USD),323565.71184200
2020-06-14.1a. open (USD),9746.99000000
2020-06-14.1b. open (USD),9746.99000000
2020-06-14.2a. high (USD),9992.72000000
2020-06-14.2b. high (USD),9992.72000000
2020-06-14.3a. low (USD),9113.00000000
2020-06-14.3b. low (USD),9113.00000000
2020-06-14.4a. close (USD),9342.10000000
2020-06-14.4b. close (USD),9342.10000000
2020-06-14.5. volume,336172.77151700
2020-06-14.6. market cap (USD),336172.77151700
2020-06-07.1a. open (USD),9448.27000000
2020-06-07.1b. open (USD),9448.27000000
2020-06-07.2a. high (USD),10380.00000000
2020-06-07.2b. high (USD),10380.00000000
2020-06-07.3a. low (USD),9266.00000000
2020-06-07.3b. low (USD),9266.00000000
2020-06-07.4a. close (USD),9746.99000000
2020-06-07.4b. close (USD),9746.99000000
2020-06-07.5. volume,427822.49534700
2020-06-07.6. market cap (USD),427822.49534700
2020-05-31.1a. open (USD),8718.14000000
2020-05-31.1b. open (USD),8718.14000000
2020-05-31.2a. high (USD),9740.00000000
2020-05-31.2b. high (USD),9740.00000000
2020-05-31.3a. low (USD),8642.72000000
2020-05-31.3b. low (USD),8642.72000000
2020-05-31.4a. close (USD),9448.27000000
2020-05-31.4b. close (USD),9448.27000000
2020-05-31.5. volume,425528.24616700
2020-05-31.6. market cap (USD),425528.24616700
2020-05-24.1a. open (USD),9681.11000000
2020-05-24.1b. open (USD),9681.11000000
2020-05-24.2a. high (USD),9950.00000000
2020-05-24.2b. high (USD),9950.00000000
2020-05-24.3a. low (USD),8700.00000000
2020-05-24.3b. low (USD),8700.00000000
2020-05-24.4a. close (USD),8720.34000000
2020-05-24.4b. close (USD),8720.34000000
2020-05-24.5. volume,517248.17753600
2020-05-24.6. market cap (USD),517248.17753600
2020-05-17.1a. open (USD),8722.77000000
2020-05-17.1b. open (USD),8722.77000000
2020-05-17.2a. high (USD),9939.00000000
2020-05-17.2b. high (USD),9939.00000000
2020-05-17.3a. low (USD),8200.00000000
2020-05-17.3b. low (USD),8200.00000000
2020-05-17.4a. close (USD),9680.04000000
2020-05-17.4b. close (USD),9680.04000000
2020-05-17.5. volume,721487.83708700
2020-05-17.6. market cap (USD),721487.83708700
2020-05-10.1a. open (USD),8894.15000000
2020-05-10.1b. open (USD),8894.15000000
2020-05-10.2a. high (USD),10067.00000000
2020-05-10.2b. high (USD),10067.00000000
2020-05-10.3a. low (USD),8117.00000000
2020-05-10.3b. low (USD),8117.00000000
2020-05-10.4a. close (USD),8722.77000000
2020-05-10.4b. close (USD),8722.77000000
2020-05-10.5. volume,780478.84946600
2020-05-10.6. market cap (USD),780478.84946600
2020-05-03.1a. open (USD),7693.10000000
2020-05-03.1b. open (USD),7693.10000000
2020-05-03.2a. high (USD),9460.00000000
2020-05-03.2b. high (USD),9460.00000000
2020-05-03.3a. low (USD),7606.00000000
2020-05-03.3b. low (USD),7606.00000000
2020-05-03.4a. close (USD),8894.16000000
2020-05-03.4b. close (USD),8894.16000000
2020-05-03.5. volume,742165.16210400
2020-05-03.6. market cap (USD),742165.16210400
2020-04-26.1a. open (USD),7121.40000000
2020-04-26.1b. open (USD),7121.40000000
2020-04-26.2a. high (USD),7738.00000000
2020-04-26.2b. high (USD),7738.00000000
2020-04-26.3a. low (USD),6751.00000000
2020-04-26.3b. low (USD),6751.00000000
2020-04-26.4a. close (USD),7693.10000000
2020-04-26.4b. close (USD),7693.10000000
2020-04-26.5. volume,469098.31294700
2020-04-26.6. market cap (USD),469098.31294700
2020-04-19.1a. open (USD),6903.79000000
2020-04-19.1b. open (USD),6903.79000000
2020-04-19.2a. high (USD),7293.08000000
2020-04-19.2b. high (USD),7293.08000000
2020-04-19.3a. low (USD),6468.27000000
2020-04-19.3b. low (USD),6468.27000000
2020-04-19.4a. close (USD),7120.74000000
2020-04-19.4b. close (USD),7120.74000000
2020-04-19.5. volume,501345.25890300
2020-04-19.6. market cap (USD),501345.25890300
2020-04-12.1a. open (USD),6772.78000000
2020-04-12.1b. open (USD),6772.78000000
2020-04-12.2a. high (USD),7459.69000000
2020-04-12.2b. high (USD),7459.69000000
2020-04-12.3a. low (USD),6739.98000000
2020-04-12.3b. low (USD),6739.98000000
2020-04-12.4a. close (USD),6903.79000000
2020-04-12.4b. close (USD),6903.79000000
2020-04-12.5. volume,582804.77108700
2020-04-12.6. market cap (USD),582804.77108700
2020-04-05.1a. open (USD),5880.50000000
2020-04-05.1b. open (USD),5880.50000000
2020-04-05.2a. high (USD),7198.00000000
2020-04-05.2b. high (USD),7198.00000000
2020-04-05.3a. low (USD),5857.76000000
2020-04-05.3b. low (USD),5857.76000000
2020-04-05.4a. close (USD),6772.78000000
2020-04-05.4b. close (USD),6772.78000000
2020-04-05.5. volume,664784.29958300
2020-04-05.6. market cap (USD),664784.29958300
2020-03-29.1a. open (USD),5816.05000000
2020-03-29.1b. open (USD),5816.05000000
2020-03-29.2a. high (USD),6957.96000000
2020-03-29.2b. high (USD),6957.96000000
2020-03-29.3a. low (USD),5688.00000000
2020-03-29.3b. low (USD),5688.00000000
2020-03-29.4a. close (USD),5881.42000000
2020-03-29.4b. close (USD),5881.42000000
2020-03-29.5. volume,770380.80536000
2020-03-29.6. market cap (USD),770380.80536000
2020-03-22.1a. open (USD),5360.33000000
2020-03-22.1b. open (USD),5360.33000000
2020-03-22.2a. high (USD),6900.00000000
2020-03-22.2b. high (USD),6900.00000000
2020-03-22.3a. low (USD),4442.12000000
2020-03-22.3b. low (USD),4442.12000000
2020-03-22.4a. close (USD),5816.19000000
2020-03-22.4b. close (USD),5816.19000000
2020-03-22.5. volume,1180843.34582000
2020-03-22.6. market cap (USD),1180843.34582000
2020-03-15.1a. open (USD),8034.76000000
2020-03-15.1b. open (USD),8034.76000000
2020-03-15.2a. high (USD),8179.31000000
2020-03-15.2b. high (USD),8179.31000000
2020-03-15.3a. low (USD),3782.13000000
2020-03-15.3b. low (USD),3782.13000000
2020-03-15.4a. close (USD),5361.30000000
2020-03-15.4b. close (USD),5361.30000000
2020-03-15.5. volume,1224228.28324000
2020-03-15.6. market cap (USD),1224228.28324000
2020-03-08.1a. open (USD),8530.30000000
2020-03-08.1b. open (USD),8530.30000000
2020-03-08.2a. high (USD),9188.00000000
2020-03-08.2b. high (USD),9188.00000000
2020-03-08.3a. low (USD),8000.00000000
2020-03-08.3b. low (USD),8000.00000000
2020-03-08.4a. close (USD),8033.31000000
2020-03-08.4b. close (USD),8033.31000000
2020-03-08.5. volume,379197.13168000
2020-03-08.6. market cap (USD),379197.13168000
2020-03-01.1a. open (USD),9936.40000000
2020-03-01.1b. open (USD),9936.40000000
2020-03-01.2a. high (USD),9990.00000000
2020-03-01.2b. high (USD),9990.00000000
2020-03-01.3a. low (USD),8411.00000000
2020-03-01.3b. low (USD),8411.00000000
2020-03-01.4a. close (USD),8531.88000000
2020-03-01.4b. close (USD),8531.88000000
2020-03-01.5. volume,426585.45870700
2020-03-01.6. market cap (USD),426585.45870700
2020-02-23.1a. open (USD),9910.70000000
2020-02-23.1b. open (USD),9910.70000000
2020-02-23.2a. high (USD),10250.00000000
2020-02-23.2b. high (USD),10250.00000000
2020-02-23.3a. low (USD),9350.00000000
2020-02-23.3b. low (USD),9350.00000000
2020-02-23.4a. close (USD),9936.40000000
2020-02-23.4b. close (USD),9936.40000000
2020-02-23.5. volume,360700.46771900
2020-02-23.6. market cap (USD),360700.46771900
2020-02-16.1a. open (USD),10151.72000000
2020-02-16.1b. open (USD),10151.72000000
2020-02-16.2a. high (USD),10500.00000000
2020-02-16.2b. high (USD),10500.00000000
2020-02-16.3a. low (USD),9638.12000000
2020-02-16.3b. low (USD),9638.12000000
2020-02-16.4a. close (USD),9917.27000000
2020-02-16.4b. close (USD),9917.27000000
2020-02-16.5. volume,427067.58518900
2020-02-16.6. market cap (USD),427067.58518900
2020-02-09.1a. open (USD),9331.59000000
2020-02-09.1b. open (USD),9331.59000000
2020-02-09.2a. high (USD),10166.00000000
2020-02-09.2b. high (USD),10166.00000000
2020-02-09.3a. low (USD),9093.01000000
2020-02-09.3b. low (USD),9093.01000000
2020-02-09.4a. close (USD),10151.75000000
2020-02-09.4b. close (USD),10151.75000000
2020-02-09.5. volume,364995.86483400
2020-02-09.6. market cap (USD),364995.86483400
2020-02-02.1a. open (USD),8614.39000000
2020-02-02.1b. open (USD),8614.39000000
2020-02-02.2a. high (USD),9578.00000000
2020-02-02.2b. high (USD),9578.00000000
2020-02-02.3a. low (USD),8535.00000000
2020-02-02.3b. low (USD),8535.00000000
2020-02-02.4a. close (USD),9331.51000000
2020-02-02.4b. close (USD),9331.51000000
2020-02-02.5. volume,362870.20838800
2020-02-02.6. market cap (USD),362870.20838800
2020-01-26.1a. open (USD),8701.72000000
2020-01-26.1b. open (USD),8701.72000000
2020-01-26.2a. high (USD),8818.00000000
2020-01-26.2b. high (USD),8818.00000000
2020-01-26.3a. low (USD),8238.00000000
2020-01-26.3b. low (USD),8238.00000000
2020-01-26.4a. close (USD),8615.00000000
2020-01-26.4b. close (USD),8615.00000000
2020-01-26.5. volume,250977.00176500
2020-01-26.6. market cap (USD),250977.00176500
2020-01-19.1a. open (USD),8184.97000000
2020-01-19.1b. open (USD),8184.97000000
2020-01-19.2a. high (USD),9198.98000000
2020-01-19.2b. high (USD),9198.98000000
2020-01-19.3a. low (USD),8055.89000000
2020-01-19.3b. low (USD),8055.89000000
2020-01-19.4a. close (USD),8701.70000000
2020-01-19.4b. close (USD),8701.70000000
2020-01-19.5. volume,468235.62749600
2020-01-19.6. market cap (USD),468235.62749600
2020-01-12.1a. open (USD),7357.64000000
2020-01-12.1b. open (USD),7357.64000000
2020-01-12.2a. high (USD),8455.00000000
2020-01-12.2b. high (USD),8455.00000000
2020-01-12.3a. low (USD),7346.76000000
2020-01-12.3b. low (USD),7346.76000000
2020-01-12.4a. close (USD),8184.98000000
2020-01-12.4b. close (USD),8184.98000000
2020-01-12.5. volume,498017.84689800
2020-01-12.6. market cap (USD),498017.84689800
2020-01-05.1a. open (USD),7388.43000000
2020-01-05.1b. open (USD),7388.43000000
2020-01-05.2a. high (USD),7495.00000000
2020-01-05.2b. high (USD),7495.00000000
2020-01-05.3a. low (USD),6871.04000000
2020-01-05.3b. low (USD),6871.04000000
2020-01-05.4a. close (USD),7358.75000000
2020-01-05.4b. close (USD),7358.75000000
2020-01-05.5. volume,241051.79844400
2020-01-05.6. market cap (USD),241051.79844400
2019-12-29.1a. open (USD),7500.71000000
2019-12-29.1b. open (USD),7500.71000000
2019-12-29.2a. high (USD),7695.38000000
2019-12-29.2b. high (USD),7695.38000000
2019-12-29.3a. low (USD),7076.42000000
2019-12-29.3b. low (USD),7076.42000000
2019-12-29.4a. close (USD),7388.24000000
2019-12-29.4b. close (USD),7388.24000000
2019-12-29.5. volume,267312.08693500
2019-12-29.6. market cap (USD),267312.08693500
2019-12-22.1a. open (USD),7119.60000000
2019-12-22.1b. open (USD),7119.60000000
2019-12-22.2a. high (USD),7518.54000000
2019-12-22.2b. high (USD),7518.54000000
2019-12-22.3a. low (USD),6435.00000000
2019-12-22.3b. low (USD),6435.00000000
2019-12-22.4a. close (USD),7501.44000000
2019-12-22.4b. close (USD),7501.44000000
2019-12-22.5. volume,339611.46169700
2019-12-22.6. market cap (USD),339611.46169700
2019-12-15.1a. open (USD),7510.11000000
2019-12-15.1b. open (USD),7510.11000000
2019-12-15.2a. high (USD),7650.00000000
2019-12-15.2b. high (USD),7650.00000000
2019-12-15.3a. low (USD),7008.35000000
2019-12-15.3b. low (USD),7008.35000000
2019-12-15.4a. close (USD),7118.59000000
2019-12-15.4b. close (USD),7118.59000000
2019-12-15.5. volume,252294.98040800
2019-12-15.6. market cap (USD),252294.98040800
2019-12-08.1a. open (USD),7391.50000000
2019-12-08.1b. open (USD),7391.50000000
2019-12-08.2a. high (USD),7750.00000000
2019-12-08.2b. high (USD),7750.00000000
2019-12-08.3a. low (USD),7067.00000000
2019-12-08.3b. low (USD),7067.00000000
2019-12-08.4a. close (USD),7510.11000000
2019-12-08.4b. close (USD),7510.11000000
2019-12-08.5. volume,331478.23127200
2019-12-08.6. market cap (USD),331478.23127200
2019-12-01.1a. open (USD),6900.23000000
2019-12-01.1b. open (USD),6900.23000000
2019-12-01.2a. high (USD),7850.00000000
2019-12-01.2b. high (USD),7850.00000000
2019-12-01.3a. low (USD),6515.00000000
2019-12-01.3b. low (USD),6515.00000000
2019-12-01.4a. close (USD),7390.89000000
2019-12-01.4b. close (USD),7390.89000000
2019-12-01.5. volume,503259.06429100
2019-12-01.6. market cap (USD),503259.06429100
2019-11-24.1a. open (USD),8502.87000000
2019-11-24.1b. open (USD),8502.87000000
2019-11-24.2a. high (USD),8503.52000000
2019-11-24.2b. high (USD),8503.52000000
2019-11-24.3a. low (USD),6790.00000000
2019-11-24.3b. low (USD),6790.00000000
2019-11-24.4a. close (USD),6903.28000000
2019-11-24.4b. close (USD),6903.28000000
2019-11-24.5. volume,422402.00470300
2019-11-24.6. market cap (USD),422402.00470300
2019-11-17.1a. open (USD),9040.16000000
2019-11-17.1b. open (USD),9040.16000000
2019-11-17.2a. high (USD),9072.32000000
2019-11-17.2b. high (USD),9072.32000000
2019-11-17.3a. low (USD),8350.68000000
2019-11-17.3b. low (USD),8350.68000000
2019-11-17.4a. close (USD),8502.40000000
2019-11-17.4b. close (USD),8502.40000000
2019-11-17.5. volume,239532.02348000
2019-11-17.6. market cap (USD),239532.02348000
2019-11-10.1a. open (USD),9196.46000000
2019-11-10.1b. open (USD),9196.46000000
2019-11-10.2a. high (USD),9513.68000000
2019-11-10.2b. high (USD),9513.68000000
2019-11-10.3a. low (USD),8696.00000000
2019-11-10.3b. low (USD),8696.00000000
2019-11-10.4a. close (USD),9039.47000000
2019-11-10.4b. close (USD),9039.47000000
2019-11-10.5. volume,294282.77161200
2019-11-10.6. market cap (USD),294282.77161200
2019-11-03.1a. open (USD),9528.23000000
2019-11-03.1b. open (USD),9528.23000000
2019-11-03.2a. high (USD),9902.10000000
2019-11-03.2b. high (USD),9902.10000000
2019-11-03.3a. low (USD),8913.00000000
2019-11-03.3b. low (USD),8913.00000000
2019-11-03.4a. close (USD),9194.71000000
2019-11-03.4b. close (USD),9194.71000000
2019-11-03.5. volume,354362.74432700
2019-11-03.6. market cap (USD),354362.74432700
2019-10-27.1a. open (USD),8223.35000000
2019-10-27.1b. open (USD),8223.35000000
2019-10-27.2a. high (USD),10370.00000000
2019-10-27.2b. high (USD),10370.00000000
2019-10-27.3a. low (USD),7300.00000000
2019-10-27.3b. low (USD),7300.00000000
2019-10-27.4a. close (USD),9529.93000000
2019-10-27.4b. close (USD),9529.93000000
2019-10-27.5. volume,508882.69375600
2019-10-27.6. market cap (USD),508882.69375600
2019-10-20.1a. open (USD),8275.24000000
2019-10-20.1b. open (USD),8275.24000000
2019-10-20.2a. high (USD),8403.00000000
2019-10-20.2b. high (USD),8403.00000000
2019-10-20.3a. low (USD),7816.01000000
2019-10-20.3b. low (USD),7816.01000000
2019-10-20.4a. close (USD),8223.35000000
2019-10-20.4b. close (USD),8223.35000000
2019-10-20.5. volume,219241.79231100
2019-10-20.6. market cap (USD),219241.79231100
2019-10-13.1a. open (USD),7855.30000000
2019-10-13.1b. open (USD),7855.30000000
2019-10-13.2a. high (USD),8779.51000000
2019-10-13.2b. high (USD),8779.51000000
2019-10-13.3a. low (USD),7762.00000000
2019-10-13.3b. low (USD),7762.00000000
2019-10-13.4a. close (USD),8275.01000000
2019-10-13.4b. close (USD),8275.01000000
2019-10-13.5. volume,281416.73873400
2019-10-13.6. market cap (USD),281416.73873400
2019-10-06.1a. open (USD),8043.04000000
2019-10-06.1b. open (USD),8043.04000000
2019-10-06.2a. high (USD),8500.00000000
2019-10-06.2b. high (USD),8500.00000000
2019-10-06.3a. low (USD),7710.00000000
2019-10-06.3b. low (USD),7710.00000000
2019-10-06.4a. close (USD),7854.25000000
2019-10-06.4b. close (USD),7854.25000000
2019-10-06.5. volume,239129.62607000
2019-10-06.6. market cap (USD),239129.62607000
2019-09-29.1a. open (USD),10028.05000000
2019-09-29.1b. open (USD),10028.05000000
2019-09-29.2a. high (USD),10049.99000000
2019-09-29.2b. high (USD),10049.99000000
2019-09-29.3a. low (USD),7750.00000000
2019-09-29.3b. low (USD),7750.00000000
2019-09-29.4a. close (USD),8043.82000000
2019-09-29.4b. close (USD),8043.82000000
2019-09-29.5. volume,364560.06474400
2019-09-29.6. market cap (USD),364560.06474400
2019-09-22.1a. open (USD),10303.34000000
2019-09-22.1b. open (USD),10303.34000000
2019-09-22.2a. high (USD),10355.00000000
2019-09-22.2b. high (USD),10355.00000000
2019-09-22.3a. low (USD),9653.00000000
2019-09-22.3b. low (USD),9653.00000000
2019-09-22.4a. close (USD),10028.87000000
2019-09-22.4b. close (USD),10028.87000000
2019-09-22.5. volume,188644.19962300
2019-09-22.6. market cap (USD),188644.19962300
2019-09-15.1a. open (USD),10381.24000000
2019-09-15.1b. open (USD),10381.24000000
2019-09-15.2a. high (USD),10480.00000000
2019-09-15.2b. high (USD),10480.00000000
2019-09-15.3a. low (USD),9880.00000000
2019-09-15.3b. low (USD),9880.00000000
2019-09-15.4a. close (USD),10302.01000000
2019-09-15.4b. close (USD),10302.01000000
2019-09-15.5. volume,207165.65445800
2019-09-15.6. market cap (USD),207165.65445800
2019-09-08.1a. open (USD),9723.59000000
2019-09-08.1b. open (USD),9723.59000000
2019-09-08.2a. high (USD),10905.87000000
2019-09-08.2b. high (USD),10905.87000000
2019-09-08.3a. low (USD),9712.50000000
2019-09-08.3b. low (USD),9712.50000000
2019-09-08.4a. close (USD),10381.18000000
2019-09-08.4b. close (USD),10381.18000000
2019-09-08.5. volume,281075.66490800
2019-09-08.6. market cap (USD),281075.66490800
2019-09-01.1a. open (USD),10142.69000000
2019-09-01.1b. open (USD),10142.69000000
2019-09-01.2a. high (USD),10604.00000000
2019-09-01.2b. high (USD),10604.00000000
2019-09-01.3a. low (USD),9320.00000000
2019-09-01.3b. low (USD),9320.00000000
2019-09-01.4a. close (USD),9724.98000000
2019-09-01.4b. close (USD),9724.98000000
2019-09-01.5. volume,211243.55028800
2019-09-01.6. market cap (USD),211243.55028800
2019-08-25.1a. open (USD),10306.17000000
2019-08-25.1b. open (USD),10306.17000000
2019-08-25.2a. high (USD),10949.96000000
2019-08-25.2b. high (USD),10949.96000000
2019-08-25.3a. low (USD),9762.00000000
2019-08-25.3b. low (USD),9762.00000000
2019-08-25.4a. close (USD),10142.69000000
2019-08-25.4b. close (USD),10142.69000000
2019-08-25.5. volume,232472.05333100
2019-08-25.6. market cap (USD),232472.05333100
2019-08-18.1a. open (USD),11539.08000000
2019-08-18.1b. open (USD),11539.08000000
2019-08-18.2a. high (USD),11577.89000000
2019-08-18.2b. high (USD),11577.89000000
2019-08-18.3a. low (USD),9750.00000000
2019-08-18.3b. low (USD),9750.00000000
2019-08-18.4a. close (USD),10306.78000000
2019-08-18.4b. close (USD),10306.78000000
2019-08-18.5. volume,248273.37466500
2019-08-18.6. market cap (USD),248273.37466500
2019-08-11.1a. open (USD),10929.99000000
2019-08-11.1b. open (USD),10929.99000000
2019-08-11.2a. high (USD),12330.70000000
2019-08-11.2b. high (USD),12330.70000000
2019-08-11.3a. low (USD),10927.80000000
2019-08-11.3b. low (USD),10927.80000000
2019-08-11.4a. close (USD),11549.97000000
2019-08-11.4b. close (USD),11549.97000000
2019-08-11.5. volume,371072.85766100
2019-08-11.6. market cap (USD),371072.85766100
2019-08-04.1a. open (USD),9541.54000000
2019-08-04.1b. open (USD),9541.54000000
2019-08-04.2a. high (USD),11040.00000000
2019-08-04.2b. high (USD),11040.00000000
2019-08-04.3a. low (USD),9395.00000000
2019-08-04.3b. low (USD),9395.00000000
2019-08-04.4a. close (USD),10929.23000000
2019-08-04.4b. close (USD),10929.23000000
2019-08-04.5. volume,259518.80601900
2019-08-04.6. market cap (USD),259518.80601900
2019-07-28.1a. open (USD),10590.15000000
2019-07-28.1b. open (USD),10590.15000000
2019-07-28.2a. high (USD),10683.16000000
2019-07-28.2b. high (USD),10683.16000000
2019-07-28.3a. low (USD),9165.00000000
2019-07-28.3b. low (USD),9165.00000000
2019-07-28.4a. close (USD),9541.54000000
2019-07-28.4b. close (USD),9541.54000000
2019-07-28.5. volume,269819.32510900
2019-07-28.6. market cap (USD),269819.32510900
2019-07-21.1a. open (USD),10174.18000000
2019-07-21.1b. open (USD),10174.18000000
2019-07-21.2a. high (USD),11100.00000000
2019-07-21.2b. high (USD),11100.00000000
2019-07-21.3a. low (USD),9060.00000000
2019-07-21.3b. low (USD),9060.00000000
2019-07-21.4a. close (USD),10589.45000000
2019-07-21.4b. close (USD),10589.45000000
2019-07-21.5. volume,487080.97263000
2019-07-21.6. market cap (USD),487080.97263000
2019-07-14.1a. open (USD),11410.00000000
2019-07-14.1b. open (USD),11410.00000000
2019-07-14.2a. high (USD),13147.08000000
2019-07-14.2b. high (USD),13147.08000000
2019-07-14.3a. low (USD),10103.00000000
2019-07-14.3b. low (USD),10103.00000000
2019-07-14.4a. close (USD),10174.18000000
2019-07-14.4b. close (USD),10174.18000000
2019-07-14.5. volume,510462.03567800
2019-07-14.6. market cap (USD),510462.03567800
2019-07-07.1a. open (USD),10854.10000000
2019-07-07.1b. open (USD),10854.10000000
2019-07-07.2a. high (USD),12000.00000000
2019-07-07.2b. high (USD),12000.00000000
2019-07-07.3a. low (USD),9727.00000000
2019-07-07.3b. low (USD),9727.00000000
2019-07-07.4a. close (USD),11406.24000000
2019-07-07.4b. close (USD),11406.24000000
2019-07-07.5. volume,517740.07169300
2019-07-07.6. market cap (USD),517740.07169300
2019-06-30.1a. open (USD),10905.95000000
2019-06-30.1b. open (USD),10905.95000000
2019-06-30.2a. high (USD),13970.00000000
2019-06-30.2b. high (USD),13970.00000000
2019-06-30.3a. low (USD),10525.10000000
2019-06-30.3b. low (USD),10525.10000000
2019-06-30.4a. close (USD),10854.10000000
2019-06-30.4b. close (USD),10854.10000000
2019-06-30.5. volume,684152.50877200
2019-06-30.6. market cap (USD),684152.50877200
2019-06-23.1a. open (USD),8953.00000000
2019-06-23.1b. open (USD),8953.00000000
2019-06-23.2a. high (USD),11392.64000000
2019-06-23.2b. high (USD),11392.64000000
2019-06-23.3a. low (USD),8950.00000000
2019-06-23.3b. low (USD),8950.00000000
2019-06-23.4a. close (USD),10906.07000000
2019-06-23.4b. close (USD),10906.07000000
2019-06-23.5. volume,378253.00306500
2019-06-23.6. market cap (USD),378253.00306500
2019-06-16.1a. open (USD),7627.57000000
2019-06-16.1b. open (USD),7627.57000000
2019-06-16.2a. high (USD),9333.00000000
2019-06-16.2b. high (USD),9333.00000000
2019-06-16.3a. low (USD),7511.00000000
2019-06-16.3b. low (USD),7511.00000000
2019-06-16.4a. close (USD),8953.33000000
2019-06-16.4b. close (USD),8953.33000000
2019-06-16.5. volume,274072.05837100
2019-06-16.6. market cap (USD),274072.05837100
2019-06-09.1a. open (USD),8726.00000000
2019-06-09.1b. open (USD),8726.00000000
2019-06-09.2a. high (USD),8800.95000000
2019-06-09.2b. high (USD),8800.95000000
2019-06-09.3a. low (USD),7444.58000000
2019-06-09.3b. low (USD),7444.58000000
2019-06-09.4a. close (USD),7628.13000000
2019-06-09.4b. close (USD),7628.13000000
2019-06-09.5. volume,293308.70969600
2019-06-09.6. market cap (USD),293308.70969600
2019-06-02.1a. open (USD),8612.54000000
2019-06-02.1b. open (USD),8612.54000000
2019-06-02.2a. high (USD),9074.26000000
2019-06-02.2b. high (USD),9074.26000000
2019-06-02.3a. low (USD),8005.00000000
2019-06-02.3b. low (USD),8005.00000000
2019-06-02.4a. close (USD),8725.98000000
2019-06-02.4b. close (USD),8725.98000000
2019-06-02.5. volume,292049.04381200
2019-06-02.6. market cap (USD),292049.04381200
2019-05-26.1a. open (USD),8147.94000000
2019-05-26.1b. open (USD),8147.94000000
2019-05-26.2a. high (USD),8740.00000000
2019-05-26.2b. high (USD),8740.00000000
2019-05-26.3a. low (USD),7461.00000000
2019-05-26.3b. low (USD),7461.00000000
2019-05-26.4a. close (USD),8614.43000000
2019-05-26.4b. close (USD),8614.43000000
2019-05-26.5. volume,341677.39881000
2019-05-26.6. market cap (USD),341677.39881000
2019-05-19.1a. open (USD),6968.24000000
2019-05-19.1b. open (USD),6968.24000000
2019-05-19.2a. high (USD),8366.00000000
2019-05-19.2b. high (USD),8366.00000000
2019-05-19.3a. low (USD),6870.00000000
2019-05-19.3b. low (USD),6870.00000000
2019-05-19.4a. close (USD),8148.48000000
2019-05-19.4b. close (USD),8148.48000000
2019-05-19.5. volume,461287.69413900
2019-05-19.6. market cap (USD),461287.69413900
2019-05-12.1a. open (USD),5773.18000000
2019-05-12.1b. open (USD),5773.18000000
2019-05-12.2a. high (USD),7521.78000000
2019-05-12.2b. high (USD),7521.78000000
2019-05-12.3a. low (USD),5619.14000000
2019-05-12.3b. low (USD),5619.14000000
2019-05-12.4a. close (USD),6967.31000000
2019-05-12.4b. close (USD),6967.31000000
2019-05-12.5. volume,313283.73422500
2019-05-12.6. market cap (USD),313283.73422500
2019-05-05.1a. open (USD),5309.81000000
2019-05-05.1b. open (USD),5309.81000000
2019-05-05.2a. high (USD),5900.00000000
2019-05-05.2b. high (USD),5900.00000000
2019-05-05.3a. low (USD),5178.80000000
2019-05-05.3b. low (USD),5178.80000000
2019-05-05.4a. close (USD),5775.62000000
2019-05-05.4b. close (USD),5775.62000000
2019-05-05.5. volume,191971.58997500
2019-05-05.6. market cap (USD),191971.58997500
2019-04-28.1a. open (USD),5257.41000000
2019-04-28.1b. open (USD),5257.41000000
2019-04-28.2a. high (USD),5600.00000000
2019-04-28.2b. high (USD),5600.00000000
2019-04-28.3a. low (USD),5102.00000000
2019-04-28.3b. low (USD),5102.00000000
2019-04-28.4a. close (USD),5307.52000000
2019-04-28.4b. close (USD),5307.52000000
2019-04-28.5. volume,247392.82390400
2019-04-28.6. market cap (USD),247392.82390400
2019-04-21.1a. open (USD),5131.28000000
2019-04-21.1b. open (USD),5131.28000000
2019-04-21.2a. high (USD),5333.42000000
2019-04-21.2b. high (USD),5333.42000000
2019-04-21.3a. low (USD),4950.00000000
2019-04-21.3b. low (USD),4950.00000000
2019-04-21.4a. close (USD),5256.14000000
2019-04-21.4b. close (USD),5256.14000000
2019-04-21.5. volume,168555.91174500
2019-04-21.6. market cap (USD),168555.91174500
2019-04-14.1a. open (USD),5170.27000000
2019-04-14.1b. open (USD),5170.27000000
2019-04-14.2a. high (USD),5422.00000000
2019-04-14.2b. high (USD),5422.00000000
2019-04-14.3a. low (USD),4861.22000000
2019-04-14.3b. low (USD),4861.22000000
2019-04-14.4a. close (USD),5131.30000000
2019-04-14.4b. close (USD),5131.30000000
2019-04-14.5. volume,247866.40740500
2019-04-14.6. market cap (USD),247866.40740500
2019-04-07.1a. open (USD),4102.44000000
2019-04-07.1b. open (USD),4102.44000000
2019-04-07.2a. high (USD),5275.01000000
2019-04-07.2b. high (USD),5275.01000000
2019-04-07.3a. low (USD),4067.00000000
2019-04-07.3b. low (USD),4067.00000000
2019-04-07.4a. close (USD),5170.27000000
2019-04-07.4b. close (USD),5170.27000000
2019-04-07.5. volume,420989.96873800
2019-04-07.6. market cap (USD),420989.96873800
2019-03-31.1a. open (USD),3991.35000000
2019-03-31.1b. open (USD),3991.35000000
2019-03-31.2a. high (USD),4140.00000000
2019-03-31.2b. high (USD),4140.00000000
2019-03-31.3a. low (USD),3888.71000000
2019-03-31.3b. low (USD),3888.71000000
2019-03-31.4a. close (USD),4103.95000000
2019-03-31.4b. close (USD),4103.95000000
2019-03-31.5. volume,178114.87504900
2019-03-31.6. market cap (USD),178114.87504900
2019-03-24.1a. open (USD),3981.85000000
2019-03-24.1b. open (USD),3981.85000000
2019-03-24.2a. high (USD),4069.32000000
2019-03-24.2b. high (USD),4069.32000000
2019-03-24.3a. low (USD),3880.01000000
2019-03-24.3b. low (USD),3880.01000000
2019-03-24.4a. close (USD),3992.18000000
2019-03-24.4b. close (USD),3992.18000000
2019-03-24.5. volume,156283.26348300
2019-03-24.6. market cap (USD),156283.26348300
2019-03-17.1a. open (USD),3915.99000000
2019-03-17.1b. open (USD),3915.99000000
2019-03-17.2a. high (USD),4056.98000000
2019-03-17.2b. high (USD),4056.98000000
2019-03-17.3a. low (USD),3810.43000000
2019-03-17.3b. low (USD),3810.43000000
2019-03-17.4a. close (USD),3981.14000000
2019-03-17.4b. close (USD),3981.14000000
2019-03-17.5. volume,185620.34481300
2019-03-17.6. market cap (USD),185620.34481300
2019-03-10.1a. open (USD),3807.32000000
2019-03-10.1b. open (USD),3807.32000000
2019-03-10.2a. high (USD),3971.75000000
2019-03-10.2b. high (USD),3971.75000000
2019-03-10.3a. low (USD),3670.69000000
2019-03-10.3b. low (USD),3670.69000000
2019-03-10.4a. close (USD),3916.82000000
2019-03-10.4b. close (USD),3916.82000000
2019-03-10.5. volume,207833.42997000
2019-03-10.6. market cap (USD),207833.42997000
2019-03-03.1a. open (USD),3743.56000000
2019-03-03.1b. open (USD),3743.56000000
2019-03-03.2a. high (USD),3888.00000000
2019-03-03.2b. high (USD),3888.00000000
2019-03-03.3a. low (USD),3677.17000000
2019-03-03.3b. low (USD),3677.17000000
2019-03-03.4a. close (USD),3807.75000000
2019-03-03.4b. close (USD),3807.75000000
2019-03-03.5. volume,190343.24672600
2019-03-03.6. market cap (USD),190343.24672600
2019-02-24.1a. open (USD),3667.62000000
2019-02-24.1b. open (USD),3667.62000000
2019-02-24.2a. high (USD),4198.00000000
2019-02-24.2b. high (USD),4198.00000000
2019-02-24.3a. low (USD),3655.00000000
2019-02-24.3b. low (USD),3655.00000000
2019-02-24.4a. close (USD),3743.56000000
2019-02-24.4b. close (USD),3743.56000000
2019-02-24.5. volume,301384.22226000
2019-02-24.6. market cap (USD),301384.22226000
2019-02-17.1a. open (USD),3679.75000000
2019-02-17.1b. open (USD),3679.75000000
2019-02-17.2a. high (USD),3700.11000000
2019-02-17.2b. high (USD),3700.11000000
2019-02-17.3a. low (USD),3568.11000000
2019-02-17.3b. low (USD),3568.11000000
2019-02-17.4a. close (USD),3667.58000000
2019-02-17.4b. close (USD),3667.58000000
2019-02-17.5. volume,167995.80513900
2019-02-17.6. market cap (USD),167995.80513900
2019-02-10.1a. open (USD),3458.11000000
2019-02-10.1b. open (USD),3458.11000000
2019-02-10.2a. high (USD),3733.58000000
2019-02-10.2b. high (USD),3733.58000000
2019-02-10.3a. low (USD),3373.10000000
2019-02-10.3b. low (USD),3373.10000000
2019-02-10.4a. close (USD),3680.06000000
2019-02-10.4b. close (USD),3680.06000000
2019-02-10.5. volume,198350.67398800
2019-02-10.6. market cap (USD),198350.67398800
2019-02-03.1a. open (USD),3550.05000000
2019-02-03.1b. open (USD),3550.05000000
2019-02-03.2a. high (USD),3557.75000000
2019-02-03.2b. high (USD),3557.75000000
2019-02-03.3a. low (USD),3349.92000000
2019-02-03.3b. low (USD),3349.92000000
2019-02-03.4a. close (USD),3458.11000000
2019-02-03.4b. close (USD),3458.11000000
2019-02-03.5. volume,186574.10542300
2019-02-03.6. market cap (USD),186574.10542300
2019-01-27.1a. open (USD),3539.26000000
2019-01-27.1b. open (USD),3539.26000000
2019-01-27.2a. high (USD),3662.94000000
2019-01-27.2b. high (USD),3662.94000000
2019-01-27.3a. low (USD),3434.85000000
2019-01-27.3b. low (USD),3434.85000000
2019-01-27.4a. close (USD),3550.84000000
2019-01-27.4b. close (USD),3550.84000000
2019-01-27.5. volume,154566.45086100
2019-01-27.6. market cap (USD),154566.45086100
2019-01-20.1a. open (USD),3477.56000000
2019-01-20.1b. open (USD),3477.56000000
2019-01-20.2a. high (USD),3720.00000000
2019-01-20.2b. high (USD),3720.00000000
2019-01-20.3a. low (USD),3467.02000000
2019-01-20.3b. low (USD),3467.02000000
2019-01-20.4a. close (USD),3539.28000000
2019-01-20.4b. close (USD),3539.28000000
2019-01-20.5. volume,199395.79296500
2019-01-20.6. market cap (USD),199395.79296500
